taxonOrder,taxonFamily,ncbiNumberOfSpecies,boldNumberOfSpecies,boldNumberOfSequences,dcMNumberOfSpecies,dcF346FreshwaterNumberOfSpecies,S2I3C66MNumberOfSpecies,S2I3C75FNumberOfSpecies,S2I4C29MNumberOfSpecies,S2I5C32FNumberOfSpecies,S3I2C74MNumberOfSpecies,S3I2C75FNumberOfSpecies,S8I2C36MNumberOfSpecies,S8I2C34FNumberOfSpecies,dcMNumberOfSequences,dcF346FreshwaterNumberOfSequences,S2I3C66MNumberOfSequences,S2I3C75FNumberOfSequences,S2I4C29MNumberOfSequences,S2I5C32FNumberOfSequences,S3I2C74MNumberOfSequences,S3I2C75FNumberOfSequences,S8I2C36MNumberOfSequences,S8I2C34FNumberOfSequences
Acipenseriformes,Acipenseridae,64,10,62,4,1,3,1,0,1,4,1,2,1,13,2,11,2,0,2,13,2,8,2
Acipenseriformes,Polyodontidae,2,1,3,0,1,0,1,0,1,0,1,0,1,0,3,0,2,0,2,0,3,0,2
Lepisosteiformes,Lepisosteidae,9,3,12,0,3,0,3,0,1,0,2,0,1,0,9,0,8,0,1,0,8,0,4
Amiiformes,Amiidae,1,1,9,0,1,0,1,0,1,0,1,0,1,0,9,0,8,0,5,0,9,0,9
Elopiformes,Elopidae,8,4,20,4,0,4,0,3,0,4,0,4,0,19,0,19,0,14,0,19,0,18,0
Elopiformes,Megalopidae,3,2,28,2,0,2,0,2,0,2,0,2,0,27,0,23,0,13,0,22,0,22,0
Anguilliformes,Anguillidae,22,7,77,6,0,5,0,3,0,6,0,5,0,43,0,36,0,24,0,43,0,37,0
Anguilliformes,Congridae,179,22,119,22,0,16,0,7,0,22,0,22,0,110,0,89,0,29,0,103,0,101,0
Anguilliformes,Muraenesocidae,9,2,5,2,0,2,0,0,0,2,0,2,0,5,0,5,0,0,0,5,0,5,0
Cypriniformes,Cyprinidae,3336,645,6055,128,393,110,341,72,152,121,381,92,295,797,3714,671,3274,438,1971,737,3529,557,2648
Cypriniformes,Catostomidae,118,35,298,0,32,0,32,0,16,0,29,0,25,0,274,0,251,0,94,0,250,0,190
Cypriniformes,Cobitidae,346,35,166,21,6,18,6,6,6,19,6,14,5,82,41,73,37,30,29,76,38,55,35
Characiformes,Anostomidae,109,29,527,0,27,0,27,0,17,0,27,0,23,0,517,0,515,0,384,0,517,0,489
Characiformes,Characidae,1057,139,2310,0,132,0,127,0,88,0,130,0,86,0,2191,0,2142,0,1386,0,2026,0,1116
Siluriformes,Ictaluridae,64,25,198,0,24,0,23,0,9,0,24,0,23,0,183,0,163,0,62,0,178,0,148
Siluriformes,Pangasiidae,41,4,33,2,2,1,1,1,1,2,2,2,2,6,25,4,19,4,19,6,18,6,18
Esociformes,Esocidae,10,6,157,5,0,3,0,3,0,5,0,3,0,25,0,14,0,8,0,22,0,10,0
Osmeriformes,Osmeridae,15,9,227,9,0,9,0,8,0,9,0,8,0,137,0,111,0,77,0,104,0,75,0
Salmoniformes,Salmonidae,355,55,1185,35,1,33,1,22,1,32,1,25,1,419,6,406,6,253,5,362,6,173,6
Gadiformes,Gadidae,33,35,741,35,0,34,0,24,0,35,0,33,0,567,0,399,0,160,0,540,0,406,0
Gadiformes,Merlucciidae,26,10,337,9,0,9,0,4,0,9,0,6,0,309,0,285,0,228,0,287,0,96,0
Batrachoidiformes,Batrachoididae,42,8,38,8,0,8,0,7,0,8,0,8,0,36,0,35,0,31,0,36,0,35,0
Lophiiformes,Lophiidae,20,5,73,5,0,5,0,2,0,5,0,5,0,58,0,39,0,14,0,57,0,40,0
Cyprinodontiformes,Cyprinodontidae,232,31,169,17,3,12,1,6,1,15,3,14,1,113,6,90,3,41,3,100,6,82,3
Cyprinodontiformes,Poeciliidae,280,49,442,19,26,18,20,15,17,18,26,10,15,173,158,158,136,125,90,143,152,63,105
Scorpaeniformes,Cottidae,261,89,1048,76,0,67,0,49,0,74,0,69,0,740,0,570,0,257,0,698,0,552,0
Scorpaeniformes,Cyclopteridae,20,14,179,14,0,14,0,11,0,13,0,7,0,154,0,140,0,96,0,135,0,72,0
Scorpaeniformes,Scorpaenidae,157,124,2110,120,0,117,0,89,0,117,0,116,0,2079,0,1966,0,1587,0,2056,0,1994,0
Cichliformes,Cichlidae,2679,95,1050,1,82,1,68,1,57,1,79,0,69,13,920,13,826,7,676,6,883,0,600
Carangiformes,Carangidae,191,81,1423,79,0,77,0,64,0,79,0,79,0,1355,0,1226,0,638,0,1329,0,1182,0
Perciformes,Percichthyidae,29,9,30,0,1,0,1,0,1,0,3,0,1,0,1,0,1,0,1,0,13,0,1
Perciformes,Percidae,294,173,1783,3,163,3,150,2,32,3,162,3,153,28,1545,21,1364,18,479,27,1515,20,1188
Spariformes,Sparidae,150,89,1191,88,0,85,0,59,0,88,0,84,0,1161,0,1007,0,688,0,1157,0,1066,0
Perciformes,Centrarchidae,44,25,307,0,25,0,22,0,10,0,24,0,20,0,295,0,255,0,138,0,286,0,197
Perciformes,Centropomidae,22,6,92,6,0,5,0,4,0,6,0,5,0,78,0,66,0,35,0,78,0,61,0
Mugiliformes,Mugilidae,110,36,286,34,1,28,1,19,0,34,1,33,1,258,2,211,1,111,0,255,1,225,1
Scorpaeniformes,Zoarcidae,177,62,583,57,0,51,0,42,0,54,0,46,0,523,0,426,0,235,0,444,0,344,0
Scorpaeniformes,Anarhichadidae,5,4,21,3,0,2,0,1,0,3,0,3,0,16,0,12,0,3,0,15,0,15,0
Perciformes,Nototheniidae,53,35,425,25,0,22,0,18,0,25,6,20,0,272,0,230,0,184,0,241,65,168,0
Perciformes,Bathydraconidae,19,13,119,13,0,13,0,10,0,13,0,10,0,116,0,100,0,80,0,114,0,82,0
Gobiiformes,Gobiidae,1568,283,2420,269,7,246,7,140,2,266,7,250,6,2183,40,1928,40,1166,9,2112,37,1864,28
Scombriformes,Scombridae,83,37,871,35,0,33,0,26,0,35,0,34,0,837,0,773,0,533,0,767,0,530,0
Istiophoriformes,Xiphiidae,1,1,16,1,0,1,0,1,0,1,0,1,0,13,0,4,0,3,0,12,0,4,0
Labriformes,Labridae,560,200,1558,196,0,180,0,90,0,195,0,184,0,1529,0,1305,0,622,0,1506,0,1339,0
Pleuronectiformes,Bothidae,96,19,143,19,0,16,0,11,0,19,0,19,0,134,0,100,0,63,0,134,0,123,0
Pleuronectiformes,Pleuronectidae,73,44,658,39,0,37,0,32,0,39,0,38,0,576,0,429,0,206,0,560,0,448,0
Osteoglossiformes,Pantodontidae,1,1,4,0,1,0,0,0,0,0,1,0,1,0,4,0,0,0,0,0,4,0,4
Trachichthyiformes,Anomalopidae,3,1,3,1,0,1,0,0,0,1,0,1,0,3,0,3,0,0,0,3,0,3,0
Trachichthyiformes,Polypteridae,20,0,0,0,0,0,0,0,0,0,0,0,0,0,0,0,0,0,0,0,0,0,0
Trachichthyiformes,Ctenoluciidae,6,0,0,0,0,0,0,0,0,0,0,0,0,0,0,0,0,0,0,0,0,0,0
Characiformes,Prochilodontidae,31,7,79,0,7,0,6,0,2,0,7,0,7,0,79,0,75,0,29,0,79,0,77
Characiformes,Erythrinidae,52,4,138,0,4,0,4,0,4,0,4,0,4,0,138,0,138,0,74,0,138,0,128
Osteoglossiformes,Osteoglossidae,14,3,17,0,3,0,3,0,3,0,2,0,2,0,17,0,16,0,16,0,7,0,6
Carangiformes,Coryphaenidae,3,1,54,1,0,1,0,1,0,1,0,1,0,51,0,49,0,41,0,51,0,48,0
Scombriformes,Gempylidae,23,6,39,6,0,6,0,6,0,6,0,6,0,37,0,35,0,22,0,35,0,26,0
Istiophoriformes,Istiophoridae,15,9,101,7,0,5,0,5,0,7,0,6,0,50,0,41,0,32,0,49,0,36,0
Istiophoriformes,Sphyraenidae,32,12,124,12,0,11,0,7,0,12,0,12,0,117,0,92,0,67,0,117,0,115,0
Scombriformes,Trichiuridae,51,7,150,7,0,7,0,5,0,6,0,5,0,144,0,143,0,97,0,60,0,59,0
Scorpaeniformes,Triglidae,74,20,217,19,0,17,0,11,0,18,0,17,0,202,0,172,0,93,0,197,0,178,0
Cyprinodontiformes,Fundulidae,45,20,104,12,1,10,1,9,0,12,1,4,1,38,4,29,4,20,0,36,4,11,4
Cyprinodontiformes,Goodeidae,51,1,3,0,0,0,0,0,0,0,0,0,0,0,0,0,0,0,0,0,0,0,0
Cyprinodontiformes,Profundulidae,12,0,0,0,0,0,0,0,0,0,0,0,0,0,0,0,0,0,0,0,0,0,0
Cyprinodontiformes,Aplocheilidae,12,10,44,2,6,2,4,2,1,1,6,1,2,5,26,5,23,5,11,2,26,1,13
Gonorynchiformes,Chanidae,1,1,19,1,0,1,0,1,0,1,0,1,0,19,0,18,0,7,0,19,0,18,0
Acanthuriformes,Acanthuridae,100,44,559,44,0,44,0,20,0,44,0,44,0,551,0,508,0,184,0,535,0,480,0
Atheriniformes,Melanotaeniidae,137,42,321,1,33,1,32,0,32,1,30,1,20,5,277,4,275,0,275,4,246,4,145
Characiformes,Lebiasinidae,16,2,14,0,2,0,2,0,2,0,2,0,2,0,14,0,14,0,10,0,14,0,14
Characiformes,Hepsetidae,7,1,15,0,1,0,1,0,1,0,1,0,1,0,15,0,15,0,15,0,15,0,15
Characiformes,Hemiodontidae,10,0,0,0,0,0,0,0,0,0,0,0,0,0,0,0,0,0,0,0,0,0,0
Characiformes,Gasteropelecidae,12,1,6,0,1,0,1,0,0,0,1,0,1,0,6,0,6,0,0,0,6,0,6
Characiformes,Curimatidae,91,14,106,0,14,0,14,0,10,0,14,0,13,0,106,0,106,0,63,0,106,0,102
Characiformes,Citharinidae,20,30,172,0,29,0,15,0,4,0,27,0,27,0,162,0,61,0,28,0,148,0,148
Characiformes,Gyrinocheilidae,7,0,0,0,0,0,0,0,0,0,0,0,0,0,0,0,0,0,0,0,0,0,0
Gadiformes,Bregmacerotidae,37,1,2,1,0,1,0,1,0,1,0,1,0,2,0,2,0,2,0,2,0,2,0
Gadiformes,Melanonidae,2,2,7,2,0,2,0,1,0,2,0,2,0,7,0,4,0,1,0,7,0,4,0
Gadiformes,Moridae,44,15,121,13,0,9,0,5,0,11,0,8,0,88,0,65,0,42,0,72,0,40,0
Gadiformes,Muraenolepididae,6,2,12,2,0,2,0,2,0,2,0,2,0,12,0,7,0,5,0,10,0,6,0
Gadiformes,Macrouridae,151,33,222,33,0,27,0,13,0,32,0,30,0,205,0,170,0,75,0,191,0,153,0
Gonorynchiformes,Kneriidae,17,1,2,0,1,0,1,0,1,0,1,0,1,0,2,0,2,0,2,0,2,0,2
Gonorynchiformes,Gonorynchidae,4,2,14,2,0,2,0,2,0,2,0,2,0,14,0,14,0,13,0,14,0,14,0
Gymnotiformes,Apteronotidae,60,1,4,0,1,0,1,0,1,0,1,0,1,0,4,0,2,0,1,0,4,0,4
Gymnotiformes,Hypopomidae,37,1,5,0,1,0,1,0,1,0,1,0,1,0,5,0,5,0,5,0,5,0,5
Gymnotiformes,Rhamphichthyidae,22,3,19,0,3,0,3,0,2,0,3,0,2,0,19,0,19,0,15,0,19,0,16
Gymnotiformes,Sternopygidae,49,3,51,0,3,0,3,0,3,0,3,0,3,0,51,0,51,0,27,0,51,0,51
Gymnotiformes,Gymnotidae,55,6,65,0,6,0,6,0,6,0,6,0,6,0,65,0,65,0,46,0,61,0,56
Perciformes,Channichthyidae,18,15,180,15,0,13,0,11,0,15,0,12,0,173,0,145,0,90,0,161,0,128,0
Perciformes,Chaetodontidae,127,49,347,49,0,46,0,19,0,49,0,49,0,347,0,319,0,129,0,347,0,341,0
Perciformes,Haemulidae,131,44,372,43,0,41,0,29,0,43,0,43,0,353,0,293,0,214,0,349,0,337,0
Perciformes,Kuhliidae,12,10,36,9,0,8,0,1,0,8,0,7,0,32,0,29,0,4,0,29,0,25,0
Perciformes,Kyphosidae,40,4,45,4,0,4,0,3,0,4,0,4,0,43,0,42,0,35,0,43,0,43,0
Perciformes,Lactariidae,1,1,8,1,0,1,0,0,0,1,0,1,0,5,0,4,0,0,0,5,0,4,0
Perciformes,Leiognathidae,80,13,140,13,0,9,0,2,0,13,0,13,0,135,0,110,0,32,0,135,0,131,0
Perciformes,Leptobramidae,1,0,0,0,0,0,0,0,0,0,0,0,0,0,0,0,0,0,0,0,0,0,0
Spariformes,Lethrinidae,54,23,145,23,0,20,0,10,0,22,0,22,0,138,0,113,0,62,0,135,0,130,0
Spariformes,Lobotidae,2,1,13,1,0,1,0,1,0,1,0,1,0,13,0,12,0,8,0,13,0,13,0
Perciformes,Lutjanidae,171,62,926,62,0,58,0,27,0,61,0,59,0,872,0,785,0,545,0,867,0,834,0
Perciformes,Malacanthidae,25,11,62,11,0,10,0,5,0,11,0,11,0,62,0,54,0,22,0,61,0,60,0
Carangiformes,Menidae,1,1,28,1,0,1,0,1,0,1,0,1,0,28,0,27,0,4,0,28,0,27,0
Perciformes,Monodactylidae,5,2,36,2,0,2,0,2,0,2,0,2,0,36,0,32,0,18,0,36,0,35,0
Perciformes,Mullidae,72,32,354,32,0,32,0,19,0,31,0,31,0,351,0,298,0,158,0,341,0,329,0
Anabantiformes,Nandidae,6,1,9,0,1,0,1,0,1,0,1,0,1,0,9,0,5,0,1,0,9,0,9
Anabantiformes,Nematistiidae,1,0,0,0,0,0,0,0,0,0,0,0,0,0,0,0,0,0,0,0,0,0,0
Spariformes,Nemipteridae,50,14,91,13,0,12,0,2,0,13,0,13,0,82,0,71,0,16,0,76,0,70,0
Perciformes,Oplegnathidae,8,3,22,3,0,3,0,3,0,3,0,3,0,22,0,20,0,20,0,22,0,22,0
Perciformes,Pempheridae,49,11,65,11,0,11,0,7,0,11,0,11,0,65,0,59,0,35,0,65,0,63,0
Perciformes,Pentacerotidae,13,3,11,2,0,2,0,2,0,2,0,2,0,5,0,5,0,3,0,5,0,5,0
Gobiiformes,Plesiopidae,15,4,15,4,0,4,0,0,0,4,0,4,0,15,0,15,0,0,0,15,0,15,0
Perciformes,Pomacanthidae,82,36,239,36,0,36,0,12,0,36,0,36,0,239,0,231,0,60,0,236,0,230,0
Gobiiformes,Pomacentridae,351,117,1719,115,0,115,0,44,0,115,0,111,0,1711,0,1658,0,1085,0,1706,0,1673,0
Perciformes,Pomatomidae,2,1,22,1,0,1,0,1,0,1,0,1,0,22,0,19,0,17,0,22,0,20,0
Perciformes,Priacanthidae,22,9,110,9,0,9,0,7,0,9,0,9,0,104,0,100,0,57,0,102,0,101,0
Gobiiformes,Pseudochromidae,105,15,68,15,0,15,0,2,0,15,0,15,0,68,0,68,0,7,0,68,0,68,0
Carangiformes,Rachycentridae,2,1,18,1,0,1,0,1,0,1,0,1,0,18,0,15,0,12,0,18,0,17,0
Perciformes,Scatophagidae,3,1,24,1,0,1,0,1,0,1,0,1,0,20,0,19,0,6,0,19,0,19,0
Acanthuriformes,Sciaenidae,222,58,504,55,2,49,2,26,1,55,2,49,2,399,11,353,11,158,8,397,11,362,11
Perciformes,Serranidae,522,149,1241,148,0,141,0,83,0,144,0,139,0,1178,0,1067,0,491,0,1147,0,1091,0
Spariformes,Sillaginidae,39,9,84,9,0,7,0,4,0,9,0,8,0,77,0,64,0,24,0,75,0,71,0
Perciformes,Terapontidae,48,9,98,7,1,6,1,4,1,6,2,6,1,82,6,72,6,25,6,80,14,77,1
Perciformes,Toxotidae,5,1,7,1,0,1,0,0,0,1,0,1,0,7,0,7,0,0,0,7,0,7,0
Scombrolabraciformes,Scombrolabracidae,1,1,2,1,0,1,0,1,0,1,0,1,0,2,0,2,0,2,0,2,0,2,0
Acanthuriformes,Luvaridae,1,1,5,1,0,1,0,1,0,1,0,1,0,5,0,4,0,4,0,5,0,5,0
Scorpaeniformes,Cryptacanthodidae,4,3,8,3,0,3,0,1,0,3,0,3,0,8,0,6,0,1,0,7,0,6,0
Scorpaeniformes,Ptilichthyidae,1,0,0,0,0,0,0,0,0,0,0,0,0,0,0,0,0,0,0,0,0,0,0
Scorpaeniformes,Stichaeidae,56,30,317,30,0,29,0,24,0,29,0,24,0,276,0,218,0,116,0,261,0,188,0
Scorpaeniformes,Zaproridae,1,1,14,1,0,1,0,1,0,1,0,1,0,10,0,10,0,1,0,2,0,1,0
Callionymiformes,Callionymidae,90,24,158,23,0,19,0,12,0,23,0,22,0,156,0,137,0,71,0,156,0,142,0
Anabantiformes,Channidae,86,16,197,9,3,6,2,5,1,9,3,7,3,79,19,70,13,41,4,74,19,55,19
Perciformes,Polynemidae,25,9,440,7,0,6,0,3,0,7,0,6,0,151,0,142,0,117,0,151,0,35,0
Perciformes,Schindleriidae,29,0,0,0,0,0,0,0,0,0,0,0,0,0,0,0,0,0,0,0,0,0,0
Pleuronectiformes,Citharidae,5,2,20,2,0,2,0,2,0,2,0,2,0,20,0,18,0,9,0,20,0,20,0
Pleuronectiformes,Cynoglossidae,85,27,137,26,0,22,0,9,0,26,0,26,0,131,0,112,0,45,0,126,0,123,0
Pleuronectiformes,Soleidae,67,21,163,21,0,20,0,10,0,21,0,21,0,156,0,116,0,47,0,156,0,142,0
Pleuronectiformes,Psettodidae,5,1,7,1,0,1,0,1,0,1,0,1,0,3,0,3,0,2,0,3,0,2,0
Esociformes,Umbridae,6,3,24,0,3,0,3,0,3,0,3,0,2,0,24,0,24,0,18,0,24,0,14
Osmeriformes,Plecoglossidae,2,1,42,1,0,1,0,1,0,1,0,0,0,42,0,42,0,42,0,42,0,0,0
Scorpaeniformes,Agonidae,44,25,251,25,0,24,0,14,0,25,0,23,0,230,0,165,0,62,0,225,0,191,0
Scorpaeniformes,Ereuniidae,3,0,0,0,0,0,0,0,0,0,0,0,0,0,0,0,0,0,0,0,0,0,0
Scorpaeniformes,Normanichthyidae,1,1,3,1,0,1,0,1,0,1,0,1,0,3,0,3,0,3,0,3,0,3,0
Scorpaeniformes,Psychrolutidae,20,10,72,10,0,9,0,3,0,9,0,7,0,64,0,54,0,33,0,61,0,40,0
Scorpaeniformes,Hexagrammidae,14,8,118,8,0,8,0,8,0,8,0,8,0,103,0,88,0,52,0,94,0,70,0
Scorpaeniformes,Zaniolepididae,2,0,0,0,0,0,0,0,0,0,0,0,0,0,0,0,0,0,0,0,0,0,0
Scorpaeniformes,Hoplichthyidae,6,1,5,1,0,1,0,0,0,1,0,1,0,5,0,5,0,0,0,5,0,5,0
Scorpaeniformes,Platycephalidae,91,36,230,32,0,21,0,11,0,23,0,17,0,186,0,116,0,62,0,144,0,99,0
Scorpaeniformes,Anoplopomatidae,2,1,21,1,0,1,0,1,0,1,0,1,0,21,0,21,0,15,0,21,0,19,0
Siluriformes,Siluridae,49,8,224,1,5,1,4,0,4,1,4,0,4,2,60,2,54,0,34,2,51,0,43
Siluriformes,Trichomycteridae,163,19,122,0,19,0,19,0,10,0,19,0,19,0,122,0,122,0,80,0,122,0,118
Siluriformes,Sisoridae,164,21,182,0,20,0,17,0,12,0,19,0,17,0,173,0,156,0,139,0,172,0,164
Siluriformes,Schilbeidae,39,14,154,0,14,0,13,0,10,0,14,0,13,0,99,0,78,0,43,0,96,0,92
Siluriformes,Plotosidae,23,4,53,4,0,4,0,2,0,3,0,2,0,51,0,43,0,6,0,46,0,35,0
Siluriformes,Pimelodidae,111,28,966,0,27,0,26,0,20,0,27,0,23,0,928,0,904,0,811,0,870,0,808
Siluriformes,Mochokidae,175,21,86,0,20,0,12,0,2,0,20,0,20,0,84,0,43,0,17,0,84,0,84
Siluriformes,Malapteruridae,12,0,0,0,0,0,0,0,0,0,0,0,0,0,0,0,0,0,0,0,0,0,0
Siluriformes,Loricariidae,1019,115,661,0,111,0,103,0,55,0,109,0,93,0,639,0,612,0,336,0,628,0,551
Siluriformes,Heteropneustidae,2,1,27,0,1,0,1,0,1,0,1,0,1,0,26,0,21,0,16,0,26,0,25
Siluriformes,Doradidae,107,5,33,0,5,0,5,0,3,0,4,0,4,0,33,0,33,0,12,0,29,0,29
Siluriformes,Diplomystidae,9,0,0,0,0,0,0,0,0,0,0,0,0,0,0,0,0,0,0,0,0,0,0
Siluriformes,Cranoglanididae,1,0,0,0,0,0,0,0,0,0,0,0,0,0,0,0,0,0,0,0,0,0,0
Siluriformes,Clariidae,92,18,137,3,7,3,2,3,0,3,7,2,7,26,19,23,2,18,0,21,17,7,17
Siluriformes,Chacidae,4,0,0,0,0,0,0,0,0,0,0,0,0,0,0,0,0,0,0,0,0,0,0
Siluriformes,Cetopsidae,11,2,6,0,1,0,1,0,1,0,1,0,1,0,4,0,4,0,2,0,4,0,4
Siluriformes,Callichthyidae,253,12,96,0,11,0,11,0,9,0,11,0,11,0,94,0,89,0,43,0,92,0,87
Siluriformes,Bagridae,178,20,155,0,16,0,15,0,13,0,18,0,17,0,140,0,121,0,74,0,142,0,136
Siluriformes,Auchenipteridae,37,10,140,0,9,0,9,0,5,0,9,0,9,0,137,0,134,0,82,0,137,0,126
Siluriformes,Astroblepidae,58,0,0,0,0,0,0,0,0,0,0,0,0,0,0,0,0,0,0,0,0,0,0
Siluriformes,Aspredinidae,37,1,4,0,1,0,1,0,0,0,1,0,1,0,4,0,4,0,0,0,4,0,4
Siluriformes,Ariidae,152,16,149,16,0,16,0,13,0,16,0,13,0,139,0,130,0,103,0,133,0,106,0
Siluriformes,Amphiliidae,131,5,14,0,5,0,4,0,0,0,5,0,5,0,14,0,11,0,0,0,14,0,14
Siluriformes,Amblycipitidae,37,1,2,0,1,0,1,0,0,0,1,0,0,0,1,0,1,0,0,0,1,0,0
Siluriformes,Akysidae,11,0,0,0,0,0,0,0,0,0,0,0,0,0,0,0,0,0,0,0,0,0,0
Tetraodontiformes,Balistidae,41,22,159,22,0,22,0,12,0,22,0,22,0,156,0,148,0,49,0,155,0,155,0
Tetraodontiformes,Ostraciidae,26,13,100,13,0,13,0,12,0,13,0,13,0,100,0,95,0,44,0,100,0,99,0
Tetraodontiformes,Triacanthodidae,9,2,9,1,0,1,0,1,0,1,0,1,0,4,0,4,0,4,0,4,0,4,0
Tetraodontiformes,Triacanthidae,7,0,0,0,0,0,0,0,0,0,0,0,0,0,0,0,0,0,0,0,0,0,0
Tetraodontiformes,Molidae,12,2,10,2,0,2,0,2,0,2,0,2,0,10,0,7,0,7,0,10,0,10,0
Tetraodontiformes,Tetraodontidae,163,33,216,32,0,28,0,14,0,32,0,32,0,204,0,156,0,50,0,202,0,201,0
Tetraodontiformes,Diodontidae,17,5,46,5,0,5,0,5,0,5,0,5,0,44,0,44,0,23,0,43,0,43,0
Hiodontiformes,Hiodontidae,2,2,14,0,2,0,1,0,1,0,2,0,1,0,12,0,11,0,2,0,12,0,11
Osteoglossiformes,Notopteridae,9,6,74,0,6,0,5,0,3,0,6,0,5,0,71,0,64,0,41,0,71,0,62
Osteoglossiformes,Mormyridae,231,44,239,0,40,0,31,0,8,0,39,0,39,0,204,0,106,0,46,0,189,0,189
Osteoglossiformes,Gymnarchidae,1,1,2,0,1,0,1,0,1,0,1,0,1,0,2,0,2,0,2,0,2,0,2
Caproiformes,Caproidae,8,5,77,5,0,5,0,5,0,5,0,5,0,77,0,71,0,54,0,77,0,75,0
Zeiformes,Grammicolepididae,2,1,9,1,0,1,0,0,0,1,0,1,0,9,0,8,0,0,0,8,0,7,0
Zeiformes,Oreosomatidae,8,7,26,7,0,5,0,2,0,6,0,4,0,13,0,5,0,2,0,10,0,4,0
Zeiformes,Parazenidae,4,1,3,1,0,1,0,0,0,1,0,1,0,3,0,3,0,0,0,3,0,3,0
Zeiformes,Zeidae,5,3,67,3,0,3,0,3,0,3,0,3,0,63,0,49,0,27,0,60,0,53,0
Perciformes,Bovichtidae,7,2,5,1,0,1,0,1,0,1,0,1,0,4,0,4,0,4,0,4,0,4,0
Perciformes,Artedidraconidae,27,12,66,12,0,11,0,10,0,11,0,11,0,65,0,51,0,41,0,63,0,50,0
Moroniformes,Moronidae,13,6,36,4,0,4,0,2,0,4,0,4,0,18,0,14,0,6,0,18,0,17,0
Characiformes,Serrasalmidae,198,13,207,0,13,0,12,0,8,0,12,0,12,0,203,0,201,0,131,0,198,0,197
Characiformes,Bryconidae,63,14,109,0,13,0,13,0,6,0,13,0,10,0,104,0,100,0,34,0,94,0,73
Characiformes,Parodontidae,16,6,79,0,6,0,5,0,4,0,6,0,6,0,79,0,76,0,67,0,79,0,79
Characiformes,Chilodontidae,9,0,0,0,0,0,0,0,0,0,0,0,0,0,0,0,0,0,0,0,0,0,0
Clupeiformes,Engraulidae,173,22,256,20,0,19,0,13,0,20,0,18,0,242,0,218,0,136,0,241,0,212,0
Clupeiformes,Harpagiferidae,5,0,0,0,0,0,0,0,0,0,0,0,0,0,0,0,0,0,0,0,0,0,0
Synbranchiformes,Synbranchidae,17,5,42,1,3,1,3,1,1,1,3,0,3,10,31,10,31,10,13,10,31,0,29
Anguilliformes,Muraenidae,128,40,202,40,0,40,0,22,0,40,0,40,0,201,0,190,0,47,0,201,0,192,0
Holocentriformes,Holocentridae,77,31,317,31,0,30,0,21,0,31,0,31,0,316,0,288,0,88,0,316,0,302,0
Beloniformes,Adrianichthyidae,49,2,12,0,2,0,2,0,0,0,2,0,1,0,12,0,12,0,0,0,12,0,3
Stomiiformes,Gonostomatidae,50,10,43,10,0,5,0,2,0,10,0,6,0,42,0,14,0,9,0,39,0,19,0
Gobiiformes,Embiotocidae,25,10,119,9,0,9,0,9,0,9,0,9,0,113,0,101,0,95,0,113,0,113,0
Pleuronectiformes,Scophthalmidae,11,7,100,7,0,6,0,6,0,7,0,7,0,89,0,60,0,44,0,76,0,56,0
Albuliformes,Albulidae,22,3,106,3,0,3,0,2,0,3,0,3,0,106,0,106,0,102,0,106,0,106,0
Anguilliformes,Ophichthidae,139,15,93,15,0,15,0,8,0,15,0,15,0,93,0,82,0,62,0,93,0,88,0
Notacanthiformes,Notacanthidae,14,5,31,5,0,4,0,2,0,5,0,5,0,29,0,10,0,4,0,27,0,20,0
Anguilliformes,Eurypharyngidae,2,1,7,1,0,1,0,1,0,1,0,1,0,7,0,2,0,1,0,5,0,3,0
Clupeiformes,Clupeidae,198,54,467,43,5,37,4,27,1,42,5,36,5,349,30,278,21,162,16,340,30,297,26
Blenniiformes,Blenniidae,309,69,528,69,0,63,0,34,0,67,0,64,0,508,0,474,0,252,0,476,0,417,0
Scorpaeniformes,Pholidae,12,7,50,7,0,7,0,6,0,7,0,7,0,44,0,37,0,27,0,44,0,40,0
Trachiniformes,Trachinidae,5,4,39,4,0,3,0,3,0,4,0,4,0,38,0,28,0,23,0,38,0,32,0
Blenniiformes,Clinidae,56,10,45,10,0,10,0,7,0,10,0,9,0,45,0,40,0,21,0,42,0,40,0
Blenniiformes,Labrisomidae,111,48,298,48,0,44,0,32,0,48,0,42,0,295,0,264,0,208,0,289,0,260,0
Blenniiformes,Chaenopsidae,75,20,185,18,0,18,0,16,0,18,0,18,0,179,0,172,0,133,0,157,0,156,0
Blenniiformes,Tripterygiidae,85,21,172,21,0,20,0,10,0,20,0,20,0,164,0,153,0,75,0,155,0,144,0
Blenniiformes,Dactyloscopidae,12,4,19,4,0,4,0,4,0,4,0,4,0,19,0,19,0,15,0,19,0,19,0
Characiformes,Alestidae,95,26,169,0,26,0,20,0,8,0,26,0,26,0,169,0,123,0,38,0,169,0,169
Gobiesociformes,Gobiesocidae,76,8,40,8,0,7,0,6,0,8,0,7,0,40,0,35,0,30,0,40,0,35,0
Anabantiformes,Anabantidae,29,5,32,0,5,0,5,0,1,0,5,0,5,0,31,0,24,0,3,0,29,0,29
Stomiiformes,Sternoptychidae,48,11,42,11,0,10,0,4,0,10,0,8,0,35,0,20,0,7,0,31,0,22,0
Aulopiformes,Chlorophthalmidae,23,3,24,3,0,3,0,2,0,3,0,3,0,24,0,21,0,11,0,24,0,22,0
Myctophiformes,Myctophidae,294,65,440,65,0,46,0,30,0,65,0,54,0,404,0,271,0,138,0,383,0,237,0
Atheriniformes,Atherinidae,90,12,91,10,1,9,0,5,0,10,1,10,0,83,1,63,0,39,0,83,1,80,0
Scorpaeniformes,Gasterosteidae,55,8,359,7,1,6,1,5,1,7,1,6,1,143,98,112,95,69,77,113,98,79,36
Trachiniformes,Uranoscopidae,31,3,15,3,0,3,0,3,0,3,0,3,0,15,0,14,0,6,0,15,0,14,0
Trachiniformes,Elassomatidae,7,0,0,0,0,0,0,0,0,0,0,0,0,0,0,0,0,0,0,0,0,0,0
Syngnathiformes,Syngnathidae,495,38,269,36,0,30,0,16,0,31,0,29,0,244,0,225,0,180,0,211,0,115,0
Moroniformes,Drepaneidae,3,2,17,2,0,2,0,0,0,2,0,2,0,17,0,15,0,0,0,17,0,16,0
Moroniformes,Ephippidae,8,6,61,6,0,6,0,3,0,6,0,6,0,61,0,58,0,38,0,61,0,58,0
Perciformes,Siganidae,28,12,77,12,0,12,0,1,0,12,0,12,0,77,0,67,0,15,0,76,0,66,0
Acanthuriformes,Zanclidae,1,1,27,1,0,1,0,1,0,1,0,1,0,27,0,24,0,4,0,27,0,26,0
Beloniformes,Exocoetidae,71,9,30,8,0,7,0,5,0,8,0,8,0,28,0,22,0,16,0,28,0,28,0
Perciformes,Cirrhitidae,24,13,84,13,0,12,0,5,0,13,0,13,0,84,0,73,0,24,0,84,0,81,0
Perciformes,Cheilodactylidae,27,7,63,7,0,7,0,5,0,7,0,6,0,63,0,58,0,46,0,63,0,55,0
Perciformes,Aulopidae,7,0,0,0,0,0,0,0,0,0,0,0,0,0,0,0,0,0,0,0,0,0,0
Lampriformes,Lampridae,3,1,7,1,0,1,0,1,0,1,0,1,0,7,0,4,0,4,0,7,0,4,0
Lampriformes,Lophotidae,3,0,0,0,0,0,0,0,0,0,0,0,0,0,0,0,0,0,0,0,0,0,0
Lampriformes,Veliferidae,2,0,0,0,0,0,0,0,0,0,0,0,0,0,0,0,0,0,0,0,0,0,0
Percopsiformes,Percopsidae,2,1,18,0,1,0,1,0,1,0,1,0,1,0,17,0,16,0,7,0,17,0,14
Polymixiiformes,Polymixiidae,7,3,12,2,0,2,0,0,0,2,0,2,0,10,0,9,0,0,0,10,0,9,0
Lampriformes,Regalecidae,2,1,10,1,0,1,0,1,0,1,0,1,0,10,0,9,0,9,0,10,0,10,0
Aulopiformes,Synodontidae,74,26,254,25,0,25,0,13,0,24,1,23,1,212,0,174,0,61,0,199,4,185,4
Lampriformes,Trachipteridae,12,1,2,1,0,0,0,0,0,1,0,1,0,1,0,0,0,0,0,1,0,1,0
Lampriformes,Lotidae,7,0,0,0,0,0,0,0,0,0,0,0,0,0,0,0,0,0,0,0,0,0,0
Lampriformes,Chironemidae,6,0,0,0,0,0,0,0,0,0,0,0,0,0,0,0,0,0,0,0,0,0,0
Perciformes,Aplodactylidae,5,1,5,1,0,1,0,1,0,1,0,1,0,5,0,5,0,5,0,5,0,5,0
Kurtiformes,Apogonidae,280,81,847,80,0,74,0,28,0,80,0,80,0,842,0,794,0,454,0,842,0,836,0
Trachiniformes,Ammodytidae,23,9,98,8,0,5,0,3,0,8,0,8,0,92,0,74,0,43,0,91,0,77,0
Gobiiformes,Eleotridae,157,15,79,15,0,14,0,11,0,14,0,14,0,79,0,75,0,53,0,77,0,64,0
Gobiiformes,Rhyacichthyidae,3,0,0,0,0,0,0,0,0,0,0,0,0,0,0,0,0,0,0,0,0,0,0
Gobiiformes,Kraemeriidae,2,0,0,0,0,0,0,0,0,0,0,0,0,0,0,0,0,0,0,0,0,0,0
Gobiiformes,Xenisthmidae,4,0,0,0,0,0,0,0,0,0,0,0,0,0,0,0,0,0,0,0,0,0,0
Anguilliformes,Serrivomeridae,10,3,7,3,0,1,0,1,0,3,0,3,0,7,0,1,0,1,0,7,0,4,0
Aulopiformes,Alepisauridae,7,2,6,2,0,1,0,1,0,2,0,2,0,5,0,1,0,1,0,5,0,5,0
Trachichthyiformes,Anoplogasteridae,1,1,8,1,0,1,0,1,0,1,0,1,0,8,0,7,0,2,0,8,0,3,0
Trachichthyiformes,Barbourisiidae,1,0,0,0,0,0,0,0,0,0,0,0,0,0,0,0,0,0,0,0,0,0,0
Beryciformes,Berycidae,14,4,29,4,0,4,0,4,0,4,0,4,0,29,0,26,0,26,0,29,0,29,0
Beryciformes,Cetomimidae,36,2,4,2,0,1,0,1,0,2,0,2,0,4,0,2,0,1,0,4,0,4,0
Trachichthyiformes,Monocentridae,2,1,4,1,0,1,0,1,0,1,0,1,0,4,0,4,0,4,0,4,0,3,0
Trachichthyiformes,Diretmidae,6,2,6,2,0,1,0,0,0,2,0,2,0,6,0,2,0,0,0,6,0,4,0
Beloniformes,Hemiramphidae,42,10,44,10,0,9,0,3,0,10,0,10,0,41,0,35,0,7,0,41,0,41,0
Myctophiformes,Neoscopelidae,7,2,4,2,0,2,0,0,0,2,0,2,0,4,0,4,0,0,0,4,0,4,0
Beryciformes,Melamphaidae,44,11,48,11,0,5,0,2,0,11,0,9,0,47,0,22,0,14,0,43,0,32,0
Beryciformes,Rondeletiidae,4,1,4,1,0,1,0,0,0,1,0,0,0,2,0,1,0,0,0,1,0,0,0
Synbranchiformes,Mastacembelidae,101,9,70,2,6,2,3,0,1,2,6,1,6,9,42,6,30,0,18,9,40,4,40
Scombriformes,Stromateidae,24,12,149,10,0,9,0,4,0,10,0,9,0,111,0,95,0,24,0,110,0,88,0
Clupeiformes,Chirocentridae,4,2,26,2,0,2,0,1,0,2,0,2,0,26,0,26,0,3,0,26,0,25,0
Percopsiformes,Aphredoderidae,2,1,3,0,1,0,1,0,0,0,1,0,1,0,2,0,1,0,0,0,2,0,1
Syngnathiformes,Dactylopteridae,5,2,29,2,0,2,0,2,0,2,0,2,0,29,0,27,0,14,0,29,0,28,0
Ophidiiformes,Ophidiidae,89,19,108,19,0,17,0,9,0,18,0,14,0,108,0,89,0,48,0,99,0,74,0
Beloniformes,Belonidae,51,15,93,14,0,14,0,9,0,14,0,14,0,83,0,66,0,40,0,81,0,77,0
Trachichthyiformes,Trachichthyidae,23,5,69,3,0,3,0,3,0,3,0,3,0,44,0,30,0,16,0,28,0,24,0
Trachichthyiformes,Latridae,4,0,0,0,0,0,0,0,0,0,0,0,0,0,0,0,0,0,0,0,0,0,0
Trachichthyiformes,Centracanthidae,10,0,0,0,0,0,0,0,0,0,0,0,0,0,0,0,0,0,0,0,0,0,0
Cypriniformes,Balitoridae,50,4,14,0,3,0,3,0,1,0,4,0,3,0,5,0,5,0,1,0,10,0,8
Perciformes,Acropomatidae,18,3,19,3,0,3,0,2,0,3,0,3,0,19,0,16,0,7,0,19,0,19,0
Perciformes,Polyprionidae,4,2,16,2,0,2,0,2,0,2,0,2,0,15,0,10,0,5,0,13,0,8,0
Anguilliformes,Moringuidae,9,2,14,2,0,2,0,1,0,2,0,2,0,14,0,14,0,6,0,14,0,13,0
Anguilliformes,Chlopsidae,14,5,27,5,0,4,0,4,0,5,0,5,0,27,0,23,0,16,0,27,0,23,0
Anguilliformes,Synaphobranchidae,19,6,31,6,0,1,0,1,0,6,0,5,0,31,0,15,0,10,0,31,0,24,0
Anguilliformes,Derichthyidae,3,2,5,2,0,0,0,0,0,2,0,2,0,5,0,0,0,0,0,5,0,3,0
Anguilliformes,Nemichthyidae,8,3,16,3,0,3,0,3,0,3,0,3,0,16,0,13,0,8,0,16,0,12,0
Anguilliformes,Nettastomatidae,20,4,16,4,0,4,0,1,0,4,0,4,0,16,0,13,0,2,0,16,0,16,0
Anguilliformes,Sinipercidae,16,0,0,0,0,0,0,0,0,0,0,0,0,0,0,0,0,0,0,0,0,0,0
Stomiiformes,Stomiidae,142,26,115,26,0,16,0,11,0,26,0,25,0,104,0,54,0,29,0,97,0,72,0
Osmeriformes,Retropinnidae,5,1,5,1,0,1,0,1,0,1,0,1,0,5,0,5,0,5,0,5,0,5,0
Galaxiiformes,Galaxiidae,72,4,8,1,0,0,0,0,0,0,0,0,0,2,0,0,0,0,0,0,0,0,0
Alepocephaliformes,Alepocephalidae,47,7,45,7,0,4,0,3,0,7,0,7,0,45,0,35,0,28,0,45,0,42,0
Anguilliformes,Saccopharyngidae,3,1,5,1,0,1,0,0,0,1,0,1,0,4,0,2,0,0,0,3,0,1,0
Cyprinodontiformes,Anablepidae,15,2,26,1,1,1,1,1,1,1,1,0,1,7,19,7,17,7,15,7,17,0,6
Ateleopodiformes,Ateleopodidae,10,1,4,1,0,1,0,0,0,1,0,1,0,4,0,4,0,0,0,4,0,4,0
Tetraodontiformes,Monacanthidae,73,25,154,25,0,24,0,13,0,25,0,25,0,153,0,139,0,49,0,153,0,153,0
Notacanthiformes,Halosauridae,11,1,10,1,0,1,0,0,0,1,0,1,0,10,0,5,0,0,0,10,0,5,0
Scorpaeniformes,Trichodontidae,2,2,14,2,0,2,0,1,0,2,0,2,0,14,0,14,0,5,0,14,0,8,0
Scorpaeniformes,Aulorhynchidae,2,1,3,1,0,1,0,1,0,1,0,1,0,1,0,1,0,1,0,1,0,1,0
Syngnathiformes,Aulostomidae,4,2,25,2,0,2,0,2,0,2,0,2,0,25,0,22,0,8,0,25,0,24,0
Syngnathiformes,Pseudomugilidae,13,0,0,0,0,0,0,0,0,0,0,0,0,0,0,0,0,0,0,0,0,0,0
Syngnathiformes,Phycidae,9,0,0,0,0,0,0,0,0,0,0,0,0,0,0,0,0,0,0,0,0,0,0
Scombriformes,Centrolophidae,29,12,60,10,1,10,0,7,0,10,0,8,0,53,1,47,0,40,0,53,0,40,0
Perciformes,Arripidae,4,1,1,0,0,0,0,0,0,0,0,0,0,0,0,0,0,0,0,0,0,0,0
Perciformes,Hypoptychidae,1,0,0,0,0,0,0,0,0,0,0,0,0,0,0,0,0,0,0,0,0,0,0
Perciformes,Eleginopidae,1,1,6,1,0,1,0,0,0,1,0,0,0,6,0,3,0,0,0,3,0,0,0
Perciformes,Odontobutidae,15,0,0,0,0,0,0,0,0,0,0,0,0,0,0,0,0,0,0,0,0,0,0
Argentiniformes,Argentinidae,11,4,57,4,0,4,0,2,0,4,0,4,0,56,0,43,0,25,0,54,0,47,0
Argentiniformes,Microstomatidae,12,4,12,3,0,3,0,1,0,3,0,3,0,9,0,9,0,4,0,9,0,9,0
Alepocephaliformes,Platytroctidae,19,10,37,9,0,6,0,2,0,9,0,9,0,33,0,16,0,7,0,32,0,21,0
Argentiniformes,Opisthoproctidae,11,2,11,2,0,1,0,1,0,2,0,2,0,11,0,6,0,5,0,11,0,11,0
Pleuronectiformes,Paralichthyidae,74,32,219,32,0,27,0,23,0,30,0,27,0,210,0,171,0,136,0,202,0,172,0
Pleuronectiformes,Giganturidae,2,0,0,0,0,0,0,0,0,0,0,0,0,0,0,0,0,0,0,0,0,0,0
Aulopiformes,Ipnopidae,16,3,9,3,0,2,0,0,0,3,0,3,0,9,0,3,0,0,0,6,0,4,0
Aulopiformes,Scopelarchidae,20,2,12,2,0,1,0,1,0,2,0,2,0,11,0,8,0,6,0,11,0,11,0
Aulopiformes,Notosudidae,12,5,16,5,0,3,0,2,0,4,0,3,0,15,0,8,0,5,0,13,0,10,0
Aulopiformes,Bathysauridae,2,1,10,1,0,1,0,0,0,1,0,1,0,10,0,6,0,0,0,5,0,1,0
Aulopiformes,Pseudotrichonotidae,1,0,0,0,0,0,0,0,0,0,0,0,0,0,0,0,0,0,0,0,0,0,0
Aulopiformes,Paralepididae,29,8,36,8,0,7,0,5,0,8,0,7,0,34,0,22,0,15,0,31,0,21,0
Aulopiformes,Evermannellidae,8,2,4,2,0,1,0,1,0,1,0,1,0,4,0,1,0,1,0,2,0,2,0
Carangiformes,Echeneidae,10,5,20,4,0,4,0,4,0,4,0,4,0,19,0,14,0,9,0,19,0,18,0
Carangiformes,Gnathanacanthidae,1,0,0,0,0,0,0,0,0,0,0,0,0,0,0,0,0,0,0,0,0,0,0
Scorpaeniformes,Congiopodidae,4,3,22,3,0,3,0,2,0,3,0,2,0,20,0,19,0,7,0,19,0,9,0
Scorpaeniformes,Pataecidae,2,0,0,0,0,0,0,0,0,0,0,0,0,0,0,0,0,0,0,0,0,0,0
Scorpaeniformes,Aploactinidae,7,0,0,0,0,0,0,0,0,0,0,0,0,0,0,0,0,0,0,0,0,0,0
Scorpaeniformes,Plectrogeniidae,1,0,0,0,0,0,0,0,0,0,0,0,0,0,0,0,0,0,0,0,0,0,0
Scorpaeniformes,Parabembridae,2,0,0,0,0,0,0,0,0,0,0,0,0,0,0,0,0,0,0,0,0,0,0
Scorpaeniformes,Bembridae,5,1,4,1,0,1,0,0,0,1,0,1,0,4,0,4,0,0,0,4,0,4,0
Scorpaeniformes,Peristediidae,29,4,32,4,0,4,0,3,0,4,0,4,0,32,0,29,0,15,0,32,0,30,0
Scorpaeniformes,Caracanthidae,3,0,0,0,0,0,0,0,0,0,0,0,0,0,0,0,0,0,0,0,0,0,0
Ophidiiformes,Carapidae,17,4,16,4,0,3,0,2,0,4,0,4,0,16,0,13,0,11,0,16,0,15,0
Ophidiiformes,Bythitidae,60,4,14,4,0,4,0,2,0,4,0,4,0,14,0,14,0,7,0,14,0,14,0
Lophiiformes,Chaunacidae,12,2,7,2,0,2,0,0,0,2,0,1,0,7,0,6,0,0,0,7,0,5,0
Lophiiformes,Caulophrynidae,2,0,0,0,0,0,0,0,0,0,0,0,0,0,0,0,0,0,0,0,0,0,0
Lophiiformes,Melanocetidae,2,1,6,1,0,1,0,1,0,1,0,1,0,6,0,3,0,1,0,3,0,2,0
Scorpaeniformes,Indostomidae,3,1,6,0,1,0,1,0,0,0,1,0,0,0,6,0,6,0,0,0,6,0,0
Acanthuriformes,Emmelichthyidae,13,5,57,5,0,5,0,5,0,5,0,5,0,56,0,55,0,54,0,56,0,55,0
Osmeriformes,Salangidae,44,2,19,2,0,2,0,1,0,2,0,2,0,19,0,19,0,3,0,19,0,19,0
Scorpaeniformes,Liparidae,143,43,390,40,0,34,0,25,0,38,0,34,0,356,0,260,0,117,0,340,0,228,0
Pleuronectiformes,Samaridae,10,1,2,1,0,1,0,0,0,1,0,1,0,2,0,2,0,0,0,2,0,2,0
Pleuronectiformes,Achiridae,16,4,28,3,0,3,0,3,0,3,0,3,0,13,0,11,0,10,0,13,0,13,0
Cyprinodontiformes,Valenciidae,3,3,16,0,2,0,2,0,2,0,2,0,2,0,11,0,11,0,11,0,11,0,10
Gobiiformes,Ambassidae,53,10,55,6,3,6,3,4,0,6,3,6,2,27,17,20,13,7,0,27,16,26,14
Lophiiformes,Ceratiidae,6,2,4,2,0,1,0,0,0,2,0,1,0,2,0,1,0,0,0,2,0,1,0
Lophiiformes,Bedotiidae,29,0,0,0,0,0,0,0,0,0,0,0,0,0,0,0,0,0,0,0,0,0,0
Syngnathiformes,Centriscidae,9,4,59,4,0,4,0,3,0,4,0,4,0,59,0,57,0,35,0,59,0,56,0
Trachiniformes,Pinguipedidae,57,16,77,15,0,13,0,5,0,14,0,12,0,73,0,63,0,34,0,70,0,65,0
Trachiniformes,Chiasmodontidae,18,5,22,5,0,4,0,3,0,5,0,4,0,19,0,12,0,9,0,18,0,10,0
Syngnathiformes,Fistulariidae,4,2,24,2,0,2,0,2,0,2,0,2,0,24,0,18,0,11,0,24,0,23,0
Stomiiformes,Phosichthyidae,96,6,32,6,0,5,0,4,0,6,0,5,0,31,0,21,0,14,0,31,0,27,0
Stomiiformes,Tetrarogidae,21,0,0,0,0,0,0,0,0,0,0,0,0,0,0,0,0,0,0,0,0,0,0
Lophiiformes,Ogcocephalidae,33,6,33,6,0,5,0,4,0,6,0,5,0,33,0,32,0,20,0,33,0,32,0
Lophiiformes,Pegasidae,5,0,0,0,0,0,0,0,0,0,0,0,0,0,0,0,0,0,0,0,0,0,0
Perciformes,Bramidae,18,5,48,5,0,5,0,5,0,5,0,5,0,46,0,44,0,23,0,42,0,39,0
Perciformes,Caristiidae,7,3,16,3,0,2,0,2,0,2,0,2,0,14,0,12,0,12,0,12,0,12,0
Perciformes,Enoplosidae,1,0,0,0,0,0,0,0,0,0,0,0,0,0,0,0,0,0,0,0,0,0,0
Perciformes,Icosteidae,1,0,0,0,0,0,0,0,0,0,0,0,0,0,0,0,0,0,0,0,0,0,0
Perciformes,Draconettidae,2,0,0,0,0,0,0,0,0,0,0,0,0,0,0,0,0,0,0,0,0,0,0
Perciformes,Kurtidae,2,0,0,0,0,0,0,0,0,0,0,0,0,0,0,0,0,0,0,0,0,0,0
Scombriformes,Nomeidae,18,8,30,8,0,7,0,6,0,8,0,8,0,28,0,20,0,18,0,28,0,25,0
Perciformes,Epigonidae,12,3,15,3,0,2,0,2,0,3,0,2,0,15,0,13,0,13,0,15,0,13,0
Perciformes,Telmatherinidae,56,0,0,0,0,0,0,0,0,0,0,0,0,0,0,0,0,0,0,0,0,0,0
Perciformes,Notocheiridae,1,0,0,0,0,0,0,0,0,0,0,0,0,0,0,0,0,0,0,0,0,0,0
Perciformes,Odacidae,7,0,0,0,0,0,0,0,0,0,0,0,0,0,0,0,0,0,0,0,0,0,0
Lophiiformes,Antennariidae,45,7,29,7,0,7,0,5,0,7,0,7,0,29,0,28,0,13,0,29,0,28,0
Lophiiformes,Oneirodidae,28,7,16,7,0,3,0,0,0,5,0,4,0,15,0,3,0,0,0,8,0,4,0
Lophiiformes,Gigantactinidae,10,1,2,1,0,1,0,1,0,1,0,1,0,2,0,1,0,1,0,2,0,1,0
Lophiiformes,Himantolophidae,5,0,0,0,0,0,0,0,0,0,0,0,0,0,0,0,0,0,0,0,0,0,0
Lophiiformes,Linophrynidae,5,0,0,0,0,0,0,0,0,0,0,0,0,0,0,0,0,0,0,0,0,0,0
Lophiiformes,Tetrabrachiidae,2,0,0,0,0,0,0,0,0,0,0,0,0,0,0,0,0,0,0,0,0,0,0
Lophiiformes,Helostomatidae,1,0,0,0,0,0,0,0,0,0,0,0,0,0,0,0,0,0,0,0,0,0,0
Siluriformes,Pseudopimelodidae,28,7,27,0,7,0,7,0,3,0,7,0,7,0,27,0,27,0,9,0,27,0,27
Clupeiformes,Pristigasteridae,18,2,13,1,0,1,0,0,0,1,0,1,0,8,0,7,0,0,0,8,0,8,0
Clupeiformes,Solenostomidae,3,0,0,0,0,0,0,0,0,0,0,0,0,0,0,0,0,0,0,0,0,0,0
Gobiiformes,Opistognathidae,28,6,73,6,0,5,0,5,0,6,0,5,0,73,0,69,0,49,0,73,0,46,0
Gobiiformes,Callanthiidae,5,0,0,0,0,0,0,0,0,0,0,0,0,0,0,0,0,0,0,0,0,0,0
Perciformes,Cepolidae,15,2,25,2,0,2,0,1,0,2,0,2,0,22,0,13,0,5,0,22,0,17,0
Trachiniformes,Creediidae,7,2,9,2,0,2,0,1,0,2,0,2,0,9,0,9,0,2,0,9,0,9,0
Anabantiformes,Osphronemidae,145,36,462,0,30,0,22,0,14,0,26,0,17,0,404,0,346,0,185,0,317,0,105
Trachiniformes,Percophidae,17,1,8,1,0,1,0,1,0,1,0,1,0,6,0,3,0,1,0,6,0,1,0
Trachiniformes,Champsodontidae,13,1,5,1,0,1,0,1,0,1,0,1,0,5,0,5,0,2,0,5,0,5,0
Trachiniformes,Phallostethidae,5,0,0,0,0,0,0,0,0,0,0,0,0,0,0,0,0,0,0,0,0,0,0
Trachiniformes,Trichonotidae,7,2,13,2,0,1,0,1,0,2,0,2,0,13,0,9,0,3,0,13,0,13,0
Perciformes,Gerreidae,69,20,358,20,0,20,0,13,0,20,0,20,0,357,0,342,0,287,0,356,0,305,0
Perciformes,Neosebastidae,10,0,0,0,0,0,0,0,0,0,0,0,0,0,0,0,0,0,0,0,0,0,0
Perciformes,Sebastidae,178,0,0,0,0,0,0,0,0,0,0,0,0,0,0,0,0,0,0,0,0,0,0
Perciformes,Synanceiidae,22,0,0,0,0,0,0,0,0,0,0,0,0,0,0,0,0,0,0,0,0,0,0
Scorpaeniformes,Setarchidae,5,1,7,1,0,1,0,0,0,1,0,1,0,7,0,7,0,0,0,7,0,6,0
Scorpaeniformes,Rhamphocottidae,1,1,4,1,0,1,0,1,0,1,0,1,0,4,0,3,0,1,0,4,0,3,0
Gobiiformes,Grammatidae,15,3,33,3,0,3,0,3,0,3,0,3,0,33,0,33,0,22,0,33,0,33,0
Scorpaeniformes,Bathymasteridae,6,5,43,5,0,5,0,5,0,5,0,5,0,40,0,32,0,19,0,36,0,29,0
Scorpaeniformes,Botiidae,53,0,0,0,0,0,0,0,0,0,0,0,0,0,0,0,0,0,0,0,0,0,0
Cypriniformes,Nemacheilidae,406,43,216,0,39,0,27,0,11,0,37,0,30,0,202,0,148,0,81,0,190,0,144
Cypriniformes,Denticipitidae,1,0,0,0,0,0,0,0,0,0,0,0,0,0,0,0,0,0,0,0,0,0,0
Cypriniformes,Triodontidae,1,0,0,0,0,0,0,0,0,0,0,0,0,0,0,0,0,0,0,0,0,0,0
Gobiiformes,Polycentridae,3,1,5,0,1,0,1,0,1,0,0,0,0,0,5,0,5,0,5,0,0,0,0
Tetraodontiformes,Aracanidae,10,1,6,1,0,1,0,1,0,1,0,1,0,6,0,6,0,5,0,6,0,6,0
Characiformes,Acestrorhynchidae,17,1,16,0,1,0,1,0,1,0,1,0,1,0,16,0,16,0,7,0,16,0,16
Scombriformes,Ariommatidae,8,1,14,1,0,1,0,1,0,1,0,1,0,11,0,10,0,1,0,11,0,10,0
Scombriformes,Tetragonuridae,3,1,8,1,0,1,0,1,0,1,0,1,0,7,0,4,0,1,0,6,0,4,0
Siluriformes,Heptapteridae,66,23,226,0,22,0,22,0,14,0,22,0,22,0,205,0,201,0,125,0,202,0,189
Clupeiformes,Dussumieriidae,11,4,40,4,0,3,0,3,0,4,0,4,0,40,0,33,0,21,0,40,0,38,0
Clupeiformes,Amblyopsidae,8,0,0,0,0,0,0,0,0,0,0,0,0,0,0,0,0,0,0,0,0,0,0
Perciformes,Dichistiidae,2,2,16,2,0,2,0,1,0,2,0,2,0,16,0,16,0,9,0,16,0,16,0
Perciformes,Dinolestidae,1,0,0,0,0,0,0,0,0,0,0,0,0,0,0,0,0,0,0,0,0,0,0
Perciformes,Howellidae,8,1,2,1,0,0,0,0,0,1,0,1,0,2,0,0,0,0,0,2,0,1,0
Perciformes,Leptoscopidae,2,0,0,0,0,0,0,0,0,0,0,0,0,0,0,0,0,0,0,0,0,0,0
Perciformes,Pholidichthyidae,1,0,0,0,0,0,0,0,0,0,0,0,0,0,0,0,0,0,0,0,0,0,0
Perciformes,Scoloplacidae,1,0,0,0,0,0,0,0,0,0,0,0,0,0,0,0,0,0,0,0,0,0,0
Perciformes,Anchariidae,1,0,0,0,0,0,0,0,0,0,0,0,0,0,0,0,0,0,0,0,0,0,0
Perciformes,Colocongridae,4,0,0,0,0,0,0,0,0,0,0,0,0,0,0,0,0,0,0,0,0,0,0
Cyprinodontiformes,Nothobranchiidae,307,5,14,0,5,0,3,0,0,0,5,0,2,0,14,0,9,0,0,0,14,0,5
Cyprinodontiformes,Lacantuniidae,1,0,0,0,0,0,0,0,0,0,0,0,0,0,0,0,0,0,0,0,0,0,0
Cyprinodontiformes,Stylephoridae,1,0,0,0,0,0,0,0,0,0,0,0,0,0,0,0,0,0,0,0,0,0,0
Cyprinodontiformes,Brachionichthyidae,1,0,0,0,0,0,0,0,0,0,0,0,0,0,0,0,0,0,0,0,0,0,0
Cyprinodontiformes,Neoceratiidae,1,0,0,0,0,0,0,0,0,0,0,0,0,0,0,0,0,0,0,0,0,0,0
Cyprinodontiformes,Diceratiidae,2,0,0,0,0,0,0,0,0,0,0,0,0,0,0,0,0,0,0,0,0,0,0
Cyprinodontiformes,Thaumatichthyidae,2,0,0,0,0,0,0,0,0,0,0,0,0,0,0,0,0,0,0,0,0,0,0
Cyprinodontiformes,Centrophrynidae,1,0,0,0,0,0,0,0,0,0,0,0,0,0,0,0,0,0,0,0,0,0,0
Perciformes,Dinopercidae,2,1,13,1,0,1,0,1,0,1,0,1,0,13,0,13,0,10,0,13,0,13,0
Perciformes,Datnioididae,4,0,0,0,0,0,0,0,0,0,0,0,0,0,0,0,0,0,0,0,0,0,0
Perciformes,Ostracoberycidae,1,0,0,0,0,0,0,0,0,0,0,0,0,0,0,0,0,0,0,0,0,0,0
Perciformes,Scombropidae,4,2,5,2,0,2,0,2,0,2,0,2,0,5,0,3,0,2,0,5,0,5,0
Perciformes,Leptochilichthyidae,1,0,0,0,0,0,0,0,0,0,0,0,0,0,0,0,0,0,0,0,0,0,0
Perciformes,Glaucosomatidae,4,0,0,0,0,0,0,0,0,0,0,0,0,0,0,0,0,0,0,0,0,0,0
Atheriniformes,Atherinopsidae,90,11,102,8,1,7,1,7,1,8,1,6,1,71,13,58,13,45,7,69,13,46,8
Atheriniformes,Bathyclupeidae,6,0,0,0,0,0,0,0,0,0,0,0,0,0,0,0,0,0,0,0,0,0,0
Beryciformes,Stephanoberycidae,1,1,5,1,0,0,0,0,0,1,0,1,0,4,0,0,0,0,0,4,0,3,0
Beryciformes,Banjosidae,1,0,0,0,0,0,0,0,0,0,0,0,0,0,0,0,0,0,0,0,0,0,0
Pleuronectiformes,Rhombosoleidae,14,3,18,3,0,2,0,1,0,3,0,2,0,16,0,7,0,2,0,16,0,5,0
Pleuronectiformes,Poecilopsettidae,7,0,0,0,0,0,0,0,0,0,0,0,0,0,0,0,0,0,0,0,0,0,0
Pleuronectiformes,Steindachneriidae,1,0,0,0,0,0,0,0,0,0,0,0,0,0,0,0,0,0,0,0,0,0,0
Pleuronectiformes,Paraulopidae,1,0,0,0,0,0,0,0,0,0,0,0,0,0,0,0,0,0,0,0,0,0,0
Pleuronectiformes,Heterenchelyidae,2,0,0,0,0,0,0,0,0,0,0,0,0,0,0,0,0,0,0,0,0,0,0
Pleuronectiformes,Myrocongridae,1,0,0,0,0,0,0,0,0,0,0,0,0,0,0,0,0,0,0,0,0,0,0
Pleuronectiformes,Cyematidae,3,0,0,0,0,0,0,0,0,0,0,0,0,0,0,0,0,0,0,0,0,0,0
Pleuronectiformes,Monognathidae,2,0,0,0,0,0,0,0,0,0,0,0,0,0,0,0,0,0,0,0,0,0,0
Pleuronectiformes,Euclichthyidae,1,0,0,0,0,0,0,0,0,0,0,0,0,0,0,0,0,0,0,0,0,0,0
Pleuronectiformes,Nematogenyidae,1,0,0,0,0,0,0,0,0,0,0,0,0,0,0,0,0,0,0,0,0,0,0
Pleuronectiformes,Congrogadidae,3,0,0,0,0,0,0,0,0,0,0,0,0,0,0,0,0,0,0,0,0,0,0
Pleuronectiformes,Symphysanodontidae,4,0,0,0,0,0,0,0,0,0,0,0,0,0,0,0,0,0,0,0,0,0,0
Pleuronectiformes,Milyeringidae,2,0,0,0,0,0,0,0,0,0,0,0,0,0,0,0,0,0,0,0,0,0,0
Characiformes,Crenuchidae,35,11,72,0,11,0,10,0,5,0,11,0,11,0,72,0,64,0,20,0,72,0,64
Characiformes,Cynodontidae,2,2,19,0,2,0,2,0,2,0,2,0,2,0,14,0,14,0,7,0,14,0,14
Characiformes,Apistidae,1,0,0,0,0,0,0,0,0,0,0,0,0,0,0,0,0,0,0,0,0,0,0
Characiformes,Paralichthodidae,1,0,0,0,0,0,0,0,0,0,0,0,0,0,0,0,0,0,0,0,0,0,0
Perciformes,Parascorpididae,1,1,3,1,0,1,0,0,0,1,0,1,0,3,0,3,0,0,0,3,0,3,0
Perciformes,Protanguillidae,1,0,0,0,0,0,0,0,0,0,0,0,0,0,0,0,0,0,0,0,0,0,0
Perciformes,Lateolabracidae,8,2,12,2,0,2,0,0,0,2,0,2,0,11,0,10,0,0,0,11,0,11,0
Perciformes,Aphyonidae,4,0,0,0,0,0,0,0,0,0,0,0,0,0,0,0,0,0,0,0,0,0,0
Zeiformes,Zenionidae,6,1,5,1,0,1,0,0,0,1,0,1,0,5,0,5,0,0,0,5,0,5,0
Zeiformes,Kryptoglanidae,1,0,0,0,0,0,0,0,0,0,0,0,0,0,0,0,0,0,0,0,0,0,0
Zeiformes,Ellopostomatidae,3,0,0,0,0,0,0,0,0,0,0,0,0,0,0,0,0,0,0,0,0,0,0
Zeiformes,Barbuccidae,1,0,0,0,0,0,0,0,0,0,0,0,0,0,0,0,0,0,0,0,0,0,0
Zeiformes,Psilorhynchidae,19,0,0,0,0,0,0,0,0,0,0,0,0,0,0,0,0,0,0,0,0,0,0
Zeiformes,Serpenticobitidae,2,0,0,0,0,0,0,0,0,0,0,0,0,0,0,0,0,0,0,0,0,0,0
Zeiformes,Vaillantellidae,1,0,0,0,0,0,0,0,0,0,0,0,0,0,0,0,0,0,0,0,0,0,0
Zeiformes,Iguanodectidae,9,0,0,0,0,0,0,0,0,0,0,0,0,0,0,0,0,0,0,0,0,0,0
Zeiformes,Chalceidae,4,0,0,0,0,0,0,0,0,0,0,0,0,0,0,0,0,0,0,0,0,0,0
Zeiformes,Triportheidae,22,0,0,0,0,0,0,0,0,0,0,0,0,0,0,0,0,0,0,0,0,0,0
Argentiniformes,Bathylagidae,18,10,60,10,0,6,0,5,0,9,0,9,0,59,0,44,0,34,0,47,0,36,0
Argentiniformes,Diplophidae,6,0,0,0,0,0,0,0,0,0,0,0,0,0,0,0,0,0,0,0,0,0,0
Argentiniformes,Bathysauroididae,1,0,0,0,0,0,0,0,0,0,0,0,0,0,0,0,0,0,0,0,0,0,0
Argentiniformes,Thalasseleotrididae,3,0,0,0,0,0,0,0,0,0,0,0,0,0,0,0,0,0,0,0,0,0,0
Argentiniformes,Amarsipidae,1,0,0,0,0,0,0,0,0,0,0,0,0,0,0,0,0,0,0,0,0,0,0
Anabantiformes,Badidae,30,2,7,0,2,0,2,0,1,0,2,0,1,0,7,0,7,0,1,0,7,0,4
Anabantiformes,Pristolepididae,6,0,0,0,0,0,0,0,0,0,0,0,0,0,0,0,0,0,0,0,0,0,0
Atheriniformes,Isonidae,5,1,5,1,0,1,0,1,0,1,0,1,0,5,0,5,0,5,0,5,0,5,0
Beloniformes,Zenarchopteridae,58,4,31,2,1,2,1,1,1,2,0,2,0,9,17,9,17,4,11,9,0,9,0
Perciformes,Hapalogenyidae,6,1,8,1,0,1,0,0,0,1,0,1,0,8,0,8,0,0,0,8,0,8,0
Perciformes,Cheimarrichthyidae,1,0,0,0,0,0,0,0,0,0,0,0,0,0,0,0,0,0,0,0,0,0,0
Perciformes,Niphonidae,1,0,0,0,0,0,0,0,0,0,0,0,0,0,0,0,0,0,0,0,0,0,0
Perciformes,Pseudaphritidae,1,0,0,0,0,0,0,0,0,0,0,0,0,0,0,0,0,0,0,0,0,0,0
Perciformes,Parabrotulidae,1,0,0,0,0,0,0,0,0,0,0,0,0,0,0,0,0,0,0,0,0,0,0
Perciformes,Radiicephalidae,1,0,0,0,0,0,0,0,0,0,0,0,0,0,0,0,0,0,0,0,0,0,0
Zeiformes,Cyttidae,3,1,2,1,0,1,0,0,0,1,0,1,0,1,0,1,0,0,0,1,0,1,0
Zeiformes,Gaidropsaridae,17,0,0,0,0,0,0,0,0,0,0,0,0,0,0,0,0,0,0,0,0,0,0
Zeiformes,Percalatidae,2,0,0,0,0,0,0,0,0,0,0,0,0,0,0,0,0,0,0,0,0,0,0
Zeiformes,Zanclorhynchidae,1,0,0,0,0,0,0,0,0,0,0,0,0,0,0,0,0,0,0,0,0,0,0
Zeiformes,Jordaniidae,1,0,0,0,0,0,0,0,0,0,0,0,0,0,0,0,0,0,0,0,0,0,0
Zeiformes,Chaudhuriidae,2,0,0,0,0,0,0,0,0,0,0,0,0,0,0,0,0,0,0,0,0,0,0
Zeiformes,Tarumaniidae,1,0,0,0,0,0,0,0,0,0,0,0,0,0,0,0,0,0,0,0,0,0,0
Siluriformes,Claroteidae,45,15,62,0,15,0,9,0,4,0,15,0,15,0,62,0,42,0,31,0,61,0,61
Siluriformes,Auchenoglanididae,16,0,0,0,0,0,0,0,0,0,0,0,0,0,0,0,0,0,0,0,0,0,0
Siluriformes,Gastromyzontidae,51,0,0,0,0,0,0,0,0,0,0,0,0,0,0,0,0,0,0,0,0,0,0
Siluriformes,Acheilognathidae,85,0,0,0,0,0,0,0,0,0,0,0,0,0,0,0,0,0,0,0,0,0,0
